{
  "pr_auc": 0.44022555274195657,
  "precision": 0.3059379780280907,
  "recall": 0.5413385826771654,
  "threshold": 0.722727,
  "expected_cost": 19903.0,
  "false_positive_cost": 1.0,
  "false_negative_cost": 8.0,
  "train_rows": 472432,
  "test_rows": 118108,
  "feature_count": 175,
  "split": "time_based_last_20_percent",
  "dataset": "IEEE-CIS Fraud Detection"
}
